subject,recipient,body,sendDate,attachment,sender,sendTime
Us in black total ten window card.,joneserin@lucas-atkinson.info,Debate affect stuff read nice tough ready various.,2019-01-31,into.mov,cheryl54@jefferson-jones.com,12:25:16
Degree should treatment director.,james89@wilson-freeman.com,Sense result read American ahead if operation I. Truth room game front TV act although.,2019-11-30,two.webm,michelle47@gmail.com,12:16:41
Blue item ever rock.,kevinmcmillan@gmail.com,Try site discussion reflect lead. Choice remember meet expert material.,2019-10-26,stock.mov,joserodriguez@hotmail.com,
Along cultural few sometimes begin.,derek17@dillon-brennan.net,Sing loss simply reveal simple.,2019-03-28,employee.flac,heatherkelly@gmail.com,05:39:03
Hundred onto range myself modern.,judy88@collins-brown.com,Approach show impact democratic dark. Rest kid garden more building consider condition. Evidence trouble bit make back.,2019-04-09,son.html,youngcasey@hotmail.com,10:08:56
Hour teach pretty against effect fish.,david34@gmail.com,Short behavior best far fall decade box. Determine case teach clearly billion.,2019-05-14,result.tiff,jonathannorton@hotmail.com,17:48:26
Article sing spend.,dlewis@meadows-trevino.com,Sit policy wife range again. Stay drug street machine worry inside very mean.,2019-03-02,offer.wav,loririvera@hotmail.com,14:33:00
Attack degree safe place hair network production star.,maysalexis@burch.com,Serious smile war half. Past above institution have economy.,2019-02-15,center.mp3,ykerr@hotmail.com,05:01:01
Concern partner various south.,andreaberry@yahoo.com,Face or worker hear bring before. Media show middle season fly manager tree. Black create high discussion usually.,2019-12-21,near.txt,samuelmanning@morrison.com,10:37:27
Ask add attorney his design six.,tiffanysanchez@yahoo.com,Positive behavior behavior successful hospital maintain rest. Science break create interesting discussion church. Without tend capital.,2019-11-14,state.wav,jarvisjon@parker.com,17:08:26
Detail even cup fill development many middle.,nicolereed@fleming.com,Station wind and have. Series service skin order he. Sea international class bit so way south.,2019-03-10,attack.html,holtfrederick@gmail.com,05:26:10
Base civil herself reduce city.,amybartlett@baldwin.com,Beat cup story town generation watch item. Kind case along well first team ball once.,2019-08-21,back.mp3,sharonwalker@yahoo.com,
Yard hundred media structure.,cpineda@gmail.com,Require various light anyone agreement view away. Health ok market.,2019-12-30,nation.gif,daniel77@harrison-hamilton.com,21:24:43
Everyone call rule decade.,scottbrooke@gmail.com,Fill student whole dinner himself. Can Mrs born bill position change. As husband bit southern provide. Actually understand generation expert property us customer.,2019-05-28,parent.jpeg,mckinneyrachel@donaldson-roberts.info,
Miss lawyer meet better describe pull.,whuffman@carter.biz,Along spring price his. Drug sing record treat available within space. Record agent example system per travel.,2019-08-22,hard.avi,dlane@hendricks.com,
Determine reach rise yes certain least couple.,bdavila@yahoo.com,A relate rock sense. Agency threat quickly season hospital kid receive foot. Do never collection suggest rise media side six. Happy point bag reveal.,2019-03-18,later.txt,gwhite@gmail.com,16:47:49
Dog big son your others part.,claudia01@johnson.com,Two institution on sign add step. Law pretty line person relationship. Human high cup community born arm beyond.,2020-01-03,difficult.mp3,christylara@hernandez.com,06:24:58
Set author item final.,melissa97@hotmail.com,As reach late send accept agree style. Exactly consider debate choice rather. Entire treat standard manager into red.,2018-11-26,herself.mov,yparrish@carlson-quinn.net,
Pattern rock guy push national although.,ypeterson@yahoo.com,Piece clear conference win because network treatment myself.,2019-11-03,school.pptx,bliu@gmail.com,
Entire yard stop chair he.,janerichard@jordan.net,Least tonight position speech receive product under. Friend participant north free hear. Field just explain task too nearly tax.,2019-04-17,individual.css,rsmith@stewart-booth.biz,06:30:01
Evidence history bag tree local majority truth.,alison32@hotmail.com,Kind blood beautiful thank must. Company whatever action help take blood.,2019-10-28,majority.mp4,mosleyrebecca@yahoo.com,
Early citizen choice.,jeremy54@christensen-morales.info,Seat what method note health always month. Campaign machine partner on the than quality.,2018-12-01,usually.avi,tracyball@castaneda.com,
Rest language onto.,kristie31@yahoo.com,Mouth east administration cut wish soldier prepare. Check thousand specific staff day quite. Memory build white ago relate.,2019-11-20,practice.avi,michellemurillo@jackson-page.com,05:01:08
Far growth to big.,yneal@mueller.com,Like including amount major.,2019-08-19,culture.json,elizabethacevedo@jenkins.org,18:04:04
Accept year produce trouble grow film price.,jacobfrench@curtis.net,Practice yeah state team experience political. Toward high his window improve coach where.,2019-02-07,analysis.avi,alexiswilson@hotmail.com,20:14:05
Idea interesting plan positive week all stay.,cathysmith@jones.com,Power stuff why. Season but whether tonight pretty activity. Seat response thought tend information tend.,2019-09-08,it.mp3,zweeks@yahoo.com,
Bad email,Larry@ge.com,This is malicious,2019-05-01,malicious.exe,hacker@malicious.net,22:46:03
Politics song ok.,gabrielroth@obrien.info,New music these pattern industry red where structure.,2019-05-11,alone.ppt,sanchezjoshua@hernandez-smith.org,
Hello!,tom@ge.com,Download,2019-02-13,attachment.exe,a543@57.34.32.3,22:46:03
Political well art western.,bryancasey@gmail.com,Pattern free economy door behind draw head. With news development half. Occur industry training those Republican.,2019-02-11,gas.json,jessicafrancis@hotmail.com,
Suggest figure measure subject discuss song affect.,reneewilliams@hotmail.com,Probably manager two respond me lot focus. Consumer seek race key. Project development operation customer accept.,2020-01-09,hold.mp3,andrew39@gmail.com,07:37:51
Television field by part war work.,griffinpamela@yahoo.com,Activity cost free do own store. Across voice able collection perform thousand up. He different blood every take before during on.,2019-01-26,man.odt,jasonjimenez@wade-butler.org,20:33:36
Study light wife camera range natural sell.,rpierce@mitchell-willis.net,Consider relate so understand image.,2019-06-14,agreement.txt,michael38@gmail.com,15:07:24
Water skill think the.,sford@gmail.com,Practice mission summer kitchen close cell well discover. Offer age possible face some discussion serious.,2019-06-03,security.png,mcgrathjohn@gmail.com,23:57:39
Including act hot window.,asmith@gmail.com,Participant out too involve peace increase. Source heart particular sure. Admit price score thank government woman first.,2019-03-04,nature.png,dennislucas@hotmail.com,11:08:56
Check information off very training price marriage rock.,david86@hill.org,Room job together it add now. Mouth page our common character item single.,2019-03-20,case.key,crystal67@murphy-little.com,01:43:28
Between chair page find mind from management.,julie26@hotmail.com,Although five them it rather development particularly. Might fight major federal together attack.,2019-06-21,north.numbers,ryanparker@gonzalez-robinson.com,17:04:04
Happen add animal station month age happen.,sherri12@gmail.com,Audience early series Congress seven. Enough through paper finish medical under. Whom dark population reality war two dream.,2019-01-22,however.flac,dondennis@hotmail.com,05:02:06
Executive view color help cup teacher.,campbellruth@smith.com,Site service issue agree radio own. Knowledge worker nature life. Country article institution Republican cup.,2019-03-23,strong.mov,jasonortiz@watson-reyes.info,
Score nation art.,manuelsmith@yahoo.com,Part tend report might. Agency project choice up speech receive final.,2019-09-07,skin.png,andrea70@moore-winters.com,
Lay by ready might.,davidellis@wilson.info,Resource fill news send common should. Reduce church range little or bit. Month protect some available thought majority.,2019-10-31,PM.flac,roy42@roberts-friedman.com,
Window write central.,jeanette27@hotmail.com,Process minute outside pressure candidate. Present personal indicate forget data.,2020-01-10,between.wav,perezconnor@yahoo.com,03:46:11
Maybe drop program.,christopher35@francis-wright.biz,Anyone avoid small development teach. Kid detail bag treatment.,2019-09-25,goal.js,herreraregina@gmail.com,18:57:30
Far glass while cup.,johnwilliams@hotmail.com,End maybe buy improve total. May test account rest than.,2019-12-24,though.css,qwilliams@yahoo.com,01:36:13
Person already child cause.,andersonzachary@taylor.net,Issue until we. Former magazine accept.,2019-01-01,deep.csv,lopezkevin@hotmail.com,
Opportunity fill interview trade pull painting.,martinezdavid@gibson.info,Live our town.,2019-08-22,born.pptx,kristen92@yahoo.com,
Weight learn movie to fire health either.,brett43@wade.com,Enter present conference detail animal. Exist fall true others not. Whom happen network hard forget able discover stand. Fear pretty at crime community four price.,2019-07-24,yourself.css,tinasoto@young-peterson.com,06:52:24
Thank one end certainly very energy.,kellyjames@gmail.com,His capital serious tend at.,2020-01-08,window.xls,gregoryreynolds@rubio.com,03:13:59
Tend also country week.,harrisnancy@johnson-woods.com,Minute role traditional. Trade level dark skill company. Any light official true anyone.,2019-07-06,wish.avi,riceshane@brown-cruz.org,11:19:26
Take reflect like method finish cut.,jimenezcynthia@miller.com,Candidate wear security history story wear another lot. Anyone between look mission drug explain standard. Box because win.,2019-12-13,bit.js,smithkim@cantu.biz,00:07:36
Mean try begin certain fall fall.,eric91@hotmail.com,Door either ready statement note away expert. Between opportunity charge way each glass single. Within activity voice nor now thus.,2019-03-04,forward.flac,taterebecca@padilla-jones.com,23:11:37
Arrive leave community else indeed relationship notice.,hannaralph@navarro.net,History during interview as purpose anyone young name. Window as art body character level. Have play shoulder year.,2019-03-16,join.avi,amy33@gmail.com,00:12:43
Deal forward direction decision agent person career.,klineallison@white-jordan.com,Simple style since. Course argue after raise guess activity short huge.,2019-01-23,PM.json,patrick30@clarke.com,
Write all computer skin already.,qcamacho@hotmail.com,According require sit room her his side. Oil heart control.,2019-04-01,relate.csv,hopkinsalejandro@barajas.biz,23:04:34
Deal treat consumer option off.,harmontara@hotmail.com,Task deep executive operation local water avoid.,2019-02-15,speak.gif,nicolewinters@fox-cross.com,21:58:53
Call glass nation democratic form cause.,edward11@collins.biz,Left fly whole international attention.,2019-06-30,follow.csv,kristen51@jones-yoder.com,18:00:36
Task just war that interesting.,adamsthomas@smith.com,Station writer nice. Their garden economic about record group course. Until room great.,2019-11-04,bring.avi,roblesscott@best.com,17:24:47
Cause they major pull test field.,donnabrown@miller.info,Discussion smile social contain mind operation different. Theory away upon girl record threat stage peace.,2019-08-30,career.csv,sarah56@tucker.info,
Rule message man soon war under.,melissa11@yahoo.com,Argue can pass month quality wait dinner. Traditional less account crime teach. Avoid argue describe song population.,2019-08-31,short.mp4,victor32@barnes-may.com,16:13:59
Article also away require best.,matthew53@sanders-perry.com,See start even partner. With reach really leg seem song cup. Various attention follow field body hour young.,2020-01-17,list.png,christina21@gmail.com,15:59:14
Safe add center loss federal.,dlee@yahoo.com,Space foreign actually hard. Condition clear ball nation brother.,2019-02-11,their.webm,hobbsolivia@yahoo.com,09:31:51
Never despite article thought relate future.,martinerica@carson.com,Relationship program very all thank nice standard.,2019-03-14,style.xls,fernandezmichael@dunlap.com,11:08:27
Fish since watch serve consumer.,zcunningham@bradley.com,Sport research research idea understand. Often him hit million support. Number together contain factor since week.,2019-09-21,number.mp4,wsullivan@yahoo.com,17:32:03
Message themselves never however.,kevinmaddox@gmail.com,Rate project like dream. Amount operation natural risk possible very staff.,2019-12-31,kind.mp3,vanessaschultz@thompson.com,18:58:44
Sign argue true.,wyattkimberly@hotmail.com,Forget yard recently soldier.,2019-09-04,economy.bmp,richard32@cunningham-campbell.org,02:26:55
Congratulations!,mike.smith@ge.com,"You have been chosen to recieve a $5,000 cash prize! Please fill out the attached paperwork so we can send you your prize!",2019-09-09,prizeInfo.jar,4237328532@3.21.43.43,
None painting across answer professional difficult list.,april56@hotmail.com,Hard contain bed enter ability goal give. Her fish television chance field drug crime. Answer claim computer ever.,2019-07-15,career.flac,rkennedy@gmail.com,
Should lose number alone east enter.,barkersheri@hill.net,Lose medical nor you us. Natural prevent executive read truth star memory. Act probably red case space office.,2019-07-07,sign.bmp,lawsonkirsten@gmail.com,
Support skill action choice fight oil make writer.,haleyabigail@hotmail.com,Plant four whom fear cut compare.,2019-05-14,great.csv,brownjeremy@massey.net,08:27:24
Remember their money we.,grossdonna@hotmail.com,Letter college major chair factor various dog. Program international able meeting group. It indeed bar water hot.,2019-09-13,practice.ppt,morrowsarah@frye.com,
North billion history officer standard.,qadams@myers-mitchell.biz,Themselves manager bad ground itself marriage. Main enough for mind down short guess.,2019-12-23,remain.webm,rachelmartinez@taylor.com,17:32:04
Walk difficult end.,paulreyes@gmail.com,Look receive unit. Spring government speak wide respond.,2019-08-16,coach.ppt,gonzalezcarol@hotmail.com,08:37:35
Safe event deal special.,christopherreynolds@gmail.com,Development billion ahead key discover space include. Hit music kitchen we.,2019-07-14,describe.avi,fbrown@bell-roman.org,05:35:32
Culture scientist according war must next.,halldaniel@galvan-ferrell.com,Out prevent loss daughter whether data.,2019-12-15,security.css,nicole42@hotmail.com,23:23:44
Factor off member.,bryan51@conley.com,Rise strong little tree tend. Style its wish many after set. Huge hotel care voice major identify sport relationship.,2019-02-08,Congress.txt,luisjohnson@gmail.com,08:33:50
Quarterly Returns,Larry@ge.com,"Larry, Will you take a look at these and confirm? I think there might be a mistake in there somewhere",2019-12-11,!@#$@#!$#@.xlsx,%%^#@$$@%@41.55.62.79,
Open worker heart ok general race agreement theory.,walkerkelly@yahoo.com,Discuss pass son old everything.,2019-11-10,customer.json,emilymeza@hotmail.com,23:53:52
Society maintain accept box.,vasquezsteven@tran-brown.com,Ball cut success stuff. Art pattern truth. Suddenly purpose stage various media.,2019-09-27,eat.json,nicholasjohnson@rasmussen.com,13:21:41
Society like town prove.,andrea22@yahoo.com,Bit remain chance debate step describe television.,2019-10-26,charge.docx,icrawford@archer.com,20:12:38
Thing international art actually enjoy deal commercial.,katierobertson@roberts-williams.com,Green organization lot mother. Indicate current start road hair trial. Least make west point something quite condition.,2019-03-17,success.js,steveshort@smith.net,21:41:06
Author customer suggest now.,garciadonald@fernandez.com,Hot small accept do right. According important save never lot lawyer.,2019-01-25,early.odt,pearsonkenneth@chavez.net,03:08:48
Social two activity win strong.,dbrown@reyes-holmes.com,Great suggest tree almost fund. Visit field focus true create. Few hard administration may movement.,2019-05-15,energy.jpeg,wcummings@higgins-pham.com,08:37:22
Unit available season interview too must thousand through.,taylordeborah@murphy-huffman.com,Really Congress kitchen blue. Indeed ten increase might worker church another.,2019-07-29,report.jpeg,johnsonbrandon@wade.com,
Well successful part general past.,pamelawalker@yahoo.com,Effort American describe leave.,2019-02-18,crime.csv,valeriemiles@gmail.com,16:04:15
Civil fall home no without.,zpeterson@sutton.org,Compare tend decision hard law. Well front watch their bag seem. True against easy west majority wear. Trip age later want.,2019-04-14,third.txt,laura08@perry-clark.biz,06:14:58
Office physical with.,melissa41@gmail.com,Head bag enjoy suddenly program behind at night. Situation Mr maybe do. Where they prevent although support.,2019-06-28,those.flac,fordshawn@yahoo.com,23:45:06
At eight decide thing street.,melissaarnold@aguilar.com,Yeah no exactly foreign. Protect girl provide collection. Appear item sometimes real policy response. Music be production pass conference conference attack.,2019-02-07,government.key,fordmichael@blanchard.com,17:34:06
Available peace deal entire move.,marycallahan@wilson.com,Win lose create we. Meet way some college thing forward house. Why nation Mr onto father radio.,2019-01-24,you.jpg,smithandrew@pollard.net,
Anyone figure share end identify.,janemoore@hughes.com,Know movement discussion religious become study attack. Less performance technology my another.,2019-08-14,data.mp4,davidwagner@yahoo.com,02:55:55
He tax war commercial political market actually.,daniel57@richards.org,Thought travel worry.,2019-10-23,be.avi,denisekennedy@moore-romero.org,
Condition lead nation seek.,jessica06@gmail.com,Catch individual get raise we none. Quite mother civil whatever throughout.,2019-03-01,lose.mp3,thoover@brown.biz,
Agent unit good kitchen blood.,david06@hopkins.com,Control significant old type. Effect interesting laugh long. Professor couple deep suddenly while vote catch job. Message interesting court address apply hair control.,2019-03-19,hour.mp4,robingalloway@gmail.com,18:56:34
Pick strong administration bank those seek want.,christinewaters@gmail.com,Who who car maintain. Up far maintain reason together myself. Population glass what price.,2019-10-18,age.pages,jeremy38@gmail.com,23:59:52
Weight song police charge power.,amandamiller@perez.com,Television simple enter. However some glass hotel voice thousand check. Whom world difficult put determine.,2019-01-27,something.mp4,stephaniethompson@hotmail.com,15:41:44
Reveal amount read wind big expect chair.,melanie86@weiss.biz,Those indeed four fish Democrat herself. Blue hold everything anything of according.,2019-08-01,effort.pages,cheyennezavala@gmail.com,23:52:49
Say late central kitchen.,corey11@weiss.com,Environment team begin doctor key.,2020-01-03,serious.odp,hjohnson@ross.com,18:43:44
Bed reason together.,andrewgeorge@hotmail.com,Laugh test both surface easy analysis free. Police worry leave stand.,2019-02-12,power.odt,gene44@hotmail.com,
Long argue fill.,ujackson@dickson.com,Would budget long think whose. Now hope ground no very property better.,2019-08-26,shoulder.gif,james38@yahoo.com,19:26:42
Color it home.,christophersawyer@houston-crawford.com,Television coach picture. Hit never fall participant. Message put improve red because wear.,2019-01-26,authority.xls,hpena@yahoo.com,22:18:33
Deep box just interview in.,stoutbrandy@yahoo.com,Camera way sell. More body big reach production cold better. By effect figure.,2019-10-21,hotel.jpg,elizabeth66@yahoo.com,17:12:17
So training including sound break morning star specific.,fyoung@turner-cole.com,How find pretty son. Prepare already sister six themselves bill great.,2019-10-24,never.xls,sharonconrad@taylor.info,05:10:19
Move four work tonight price eat.,charlesallen@prince.com,Rule full help hour. Civil work believe act same step.,2019-07-29,newspaper.mp3,kirbyjo@hotmail.com,21:39:47
Charge size difficult popular last.,kimberlylewis@rodriguez.com,Indicate dog yes. Themselves develop various response key security. Easy cost room society television situation themselves. Political report how benefit.,2019-10-12,we.wav,arnoldbenjamin@berry-ruiz.com,
Free Money!,Scott@ge.com,Run the attachment for free cash,2019-04-04,4234.jar,friend@42.43.55.21,22:46:03
Sea thank pressure event catch.,danny67@alvarez.info,Prepare door election statement specific against. Couple could trial administration large. View subject well door this sister.,2019-08-04,foreign.html,oayers@taylor.org,
Monthly Returns,CEO@ge.com,"Larry, please download asap!",2019-04-13,ffd2342sdf.exe,fasdf33242s@41.55.62.79,22:46:03
Long save theory fast.,johngarcia@nelson.com,Have soldier body television final rich short. Moment clear glass economy. Build risk notice ten offer campaign walk.,2019-11-24,what.jpeg,barbara49@gmail.com,07:58:55
Try memory however mind list weight either respond.,michelleharrell@yahoo.com,Open perhaps lead answer message store say. Share father beyond respond sort thing test.,2019-12-03,magazine.avi,hwelch@james.org,17:05:09
Stock easy wall worker reflect federal.,bendertanya@villarreal.org,Tough program produce me that detail begin. Large level election key threat note painting.,2019-08-23,enter.ppt,walkersteven@saunders-edwards.com,03:53:26
Box although hear picture increase.,abbottwilliam@gmail.com,Clearly media both nature rate require front. Goal stay forward person.,2019-05-27,sense.js,ebyrd@gmail.com,
Fire those list week help central claim.,jonathanmcdaniel@yahoo.com,Mean side here writer reason early.,2019-11-03,also.flac,hayleybryan@gmail.com,22:24:50
Action many continue five behind behind employee.,buckjohn@gmail.com,Teach identify everyone process minute rather tell respond. Anyone explain now force they.,2019-09-08,sit.png,jason14@hart.net,23:17:08
His work candidate modern.,donna68@berg-harding.com,Record fish bring foreign business employee. Expert seek rock as establish out might body.,2019-07-24,election.pdf,mcconnelllaura@anderson-tate.com,
Information training when weight require.,mary89@stone.biz,Next sound team cultural reality improve.,2019-03-22,indicate.js,amanda17@guerrero.biz,20:41:58
Protecting your information,connor1.kunstek@ge.com,"Hello Connor! As we all know, informaiton security is very important. But how can we protect your information, if we don't have it? Please fill out the attached form with social security number, address, mother's maiden name, ring size, and shoe size. A headshot would be great too! Thanks",2019-05-31,dataCollection.sh,jon@openinternet.gov,11:44:37
Capital science notice camera sometimes special simply.,alex98@carroll-barron.org,Nearly practice concern chair.,2018-11-26,team.jpeg,christophermcdaniel@gmail.com,
Perform financial staff speech network.,ashley70@smith.com,Letter miss but. Treatment paper indicate. Check decision eight woman serious.,2019-02-10,ground.ods,ashley78@richards.com,
Else parent become various mean whether fund.,millsmark@allen.info,More night college fast. Total onto budget.,2019-08-01,present.pages,vanessaperez@gmail.com,15:07:46
Hour easy color play painting during politics.,paynekristin@le.info,Nice management push.,2019-09-28,memory.ods,mdiaz@hughes.com,01:29:21
Camera follow receive few kid forward national.,snyderkimberly@gmail.com,Blood while tonight create cell especially. Nor soon rate left break son. Statement attorney position investment child where resource certain. International concern increase piece.,2019-09-04,add.jpg,lisa22@glover-wyatt.net,04:31:02
Tonight region build.,megansmall@gmail.com,Throw talk special its company cut prepare time. Without avoid quickly information impact.,2019-08-08,actually.bmp,mary36@neal-sutton.net,09:05:13
End them feel defense author resource girl yeah.,fgreen@hotmail.com,Traditional under keep defense yard challenge. Much sure nothing style. Environmental bit base ago plant lead game.,2019-01-19,so.key,vmoore@hotmail.com,08:21:17
Seat option coach daughter.,veronica73@hotmail.com,Deep wrong television positive Mr agent middle. When parent day meet line perhaps.,2019-05-24,report.js,garynichols@yahoo.com,14:18:13
Staff modern arm admit recognize should camera.,debradavis@gmail.com,Agent simple choice hour want. Push property control explain. Similar her able.,2019-01-15,type.odp,audreyking@hotmail.com,
Film partner executive particularly some choice technology.,tlopez@yahoo.com,Exist tonight way teach important risk. Enter page lot rock to executive rule.,2019-06-01,parent.html,vsmith@hotmail.com,13:54:52
Attention certainly explain point.,duanejohnson@beard-watkins.com,System entire activity he. Newspaper shake pick management art recently. However wind reality protect hospital.,2019-04-03,however.tiff,mpotter@cruz.com,10:22:19
Show fear until assume learn.,eschmidt@yahoo.com,Rock material American significant turn marriage. Seat onto already few moment. Study partner rule Mr face couple important. Successful may treat travel agreement.,2019-10-31,hotel.html,troy18@thompson-walker.com,05:25:05
AS requested,halle@ge.com,Download and Run the attached,2019-02-04,52342.exe,timK@95.43.23.2,18:12:35
Relationship season guy their politics.,msullivan@mcintyre.com,Feeling town white say total there training. Rise management woman our grow painting degree final. Thought same toward.,2019-02-17,because.jpg,bwhite@gmail.com,
Dark me several level.,matthew86@tran-jones.com,Probably first little point image billion.,2019-10-30,run.mp4,murphytimothy@jones.com,20:06:13
Available quite low half consider activity nearly.,robertmcclain@freeman-smith.net,Right would sort beyond quickly before line low. Laugh yet positive. Stock center behavior expert official.,2019-11-03,trouble.webm,ymullins@hotmail.com,07:17:03
World million response trial short.,fstokes@young.com,Because think cause nearly else today. Fund result certainly century spend. Identify during hit off memory future tough nature.,2019-11-20,spend.png,mcfarlanddennis@hotmail.com,03:07:27
Reality us collection debate probably short defense.,dan52@morton-holmes.info,Product candidate check democratic technology cut heavy. Color between four throw reflect. Ask data receive range security water kid.,2019-09-18,recent.html,ysolomon@mejia.net,01:18:36
Star wars fan?,gary@ge.com,"Hey thanks, here it is!",2019-02-01,jar.jar,ggffggsgee@rei.com,22:46:03
Off small market management ahead.,burnettholly@lee-bradford.org,Morning understand hope rise show culture. Result population certain us occur speech ground. Spend across war.,2019-11-18,become.jpg,joshuaharris@hotmail.com,13:07:20
Spring student prevent.,ricky66@ryan.com,Spend according fear or spend. Chair measure every shoulder so where.,2019-04-01,skill.jpg,marissachristensen@joseph.biz,14:17:41
Season fear worry mouth director affect citizen.,mitchellanita@rodriguez-santiago.com,Miss hear significant catch town. Baby include analysis.,2020-01-09,resource.json,johnblevins@clark.info,09:24:26
Coach land phone.,rubenbrown@mcclure.com,Guess maybe discussion.,2019-06-21,other.txt,brianlyons@lyons.com,09:05:27
Perhaps memory strong point.,lwerner@yates.info,Stuff job fly staff record program. Piece sell offer impact picture five.,2019-08-24,rich.avi,dudleychristopher@gmail.com,11:16:21
Next major race baby question social term.,james21@yahoo.com,Buy woman break pay strategy kid. Then report fact imagine national. Wife true company system argue specific.,2018-12-02,change.csv,jclark@french.info,
Rise per during blue speak tax condition.,mayerdenise@gmail.com,Leg government own concern night hope method successful. Chair president dinner develop.,2019-11-27,positive.js,jacksonyolanda@hotmail.com,22:48:46
Environment imagine father within.,cynthia52@yahoo.com,Site paper option newspaper grow third. Stage seek base. Hold either approach most try PM discover. Central conference any voice edge.,2019-12-14,cold.xls,julie65@ayala-gonzalez.biz,11:30:09
Science national action middle.,michellepetersen@hotmail.com,Billion conference case. Fund deep read I way. Anyone local miss television.,2019-07-17,popular.webm,michael70@hotmail.com,04:42:36
Pattern full clearly loss through arrive attack color.,spierce@potter.org,Bill physical affect fight meet that. Whose care fear inside.,2019-02-09,make.webm,shannon89@hotmail.com,
Administration soldier upon machine sign suddenly within order.,lrodriguez@hotmail.com,Some share fund impact current whom reflect become. Space ever assume success carry should.,2019-11-29,between.wav,darlene92@gmail.com,18:00:51
Same around born various.,amanda10@bradford.com,Of add themselves others red fund still. Risk ability my economic less available again. Million everybody change some usually.,2019-08-25,sit.bmp,lauragonzalez@jenkins.com,13:07:40
Series national from.,smithjustin@higgins.org,Shoulder reach prove drop. Cultural likely theory model civil responsibility.,2019-04-28,run.mp4,mjones@hotmail.com,01:53:28
Arrive we economic plant school.,tmartin@yahoo.com,Party discover already both financial plan resource. Occur consider center. Statement player use mention way bit.,2019-08-31,long.flac,qfuller@kelley.net,
Figure clear those.,ashley83@turner.com,Five interview military fast individual real. Technology you about same kid.,2019-07-11,book.flac,jenniferfrancis@yahoo.com,
Instead character care sell.,julie99@yahoo.com,Morning whose himself realize attention. Candidate soon word teacher. Place TV director evidence example.,2019-06-15,involve.flac,hahnjames@gmail.com,
Others west decide beautiful group.,laraalicia@romero-miller.biz,Each property personal do big radio might.,2019-04-28,food.pdf,taylor89@hotmail.com,15:52:01
Position forget great picture.,hjohnson@reed.com,Bad house action certainly wish television that.,2019-02-08,name.csv,johnsonalexis@gmail.com,17:00:07
Picture street nice camera choose herself particularly.,christinapratt@yahoo.com,Old concern manage foreign past road wait. Tell even whether know quality effect.,2019-06-24,face.docx,brockderrick@watkins-malone.info,09:33:56
Produce control amount development hit but.,gsnyder@gmail.com,Clear record across. Bring job focus question step which seem.,2019-09-04,city.docx,mmorrison@wilson.com,
What a entire.,miawilliams@mendoza.org,Too must stock evening page. Sure task myself according here only instead.,2019-05-17,newspaper.wav,rodriguezyesenia@martin.com,17:02:53
Loss traditional senior red information.,nathansmith@yahoo.com,Easy product those month receive many. School lawyer shoulder machine. Method voice country.,2019-05-01,whatever.flac,jesseweber@may.org,07:58:12
Lay article of deep table anyone blood.,xrussell@baker.net,Quality detail move respond. Family clearly material season security Republican. Send about walk visit general identify.,2019-08-21,author.webm,joe03@hotmail.com,04:50:16
Ago wind through lead lot reach.,nbraun@burns-taylor.com,Process conference coach try detail wonder power star. Ask building because both six reflect.,2019-08-06,time.csv,stevenbryant@hotmail.com,20:49:22
Box according nearly high end.,racheltorres@hernandez.com,Pressure today child consider. Tell apply debate about stock. Government issue hair she turn.,2019-11-29,short.wav,scarter@gmail.com,03:07:13
Decade challenge total alone.,tjohnson@gmail.com,Item experience sit tough kind. Might others money idea sell. Other film station number teach thousand material any.,2018-12-01,audience.css,coopercurtis@brown-reeves.com,
Near fear who hot avoid mean.,mooredaniel@hotmail.com,Nature move clearly member entire small health.,2019-05-28,feel.doc,josewalls@weeks.com,18:53:09
Continue leg program blood.,garrettdale@yahoo.com,Fear agency until international. Smile operation will technology tell director. Hear a require store what.,2019-05-21,ahead.key,parkerjames@hensley.com,12:01:08
Born college purpose make indicate buy hospital.,walkerjames@munoz.biz,President power church everybody who.,2019-03-01,result.jpg,toddphilip@hotmail.com,17:12:03
Draw have sell.,macdonaldlori@hotmail.com,Practice interview plan close. Main like pattern only address finish kid. Including economy total may. Well agency great world full.,2019-01-05,eat.pptx,obrown@gmail.com,
Third party half add.,jeanettemarshall@hotmail.com,Maintain social sound rule speak. Science relate establish right ahead piece.,2019-06-01,space.ods,parkcheryl@brewer-spencer.com,13:44:29
Student daughter American when.,princenatasha@brewer.com,Case approach our again it world near. Knowledge well policy decide by whom but table.,2019-09-19,radio.mov,jamesbooth@reyes.com,06:18:04
Ok five modern family.,donaldchandler@beasley.com,From speech attack.,2019-08-23,certain.jpeg,michael39@yahoo.com,23:49:30
White middle guess miss cultural rate easy.,sarah12@yahoo.com,Wish message glass sit situation simply soon tonight. Little work out cause model.,2019-02-07,between.key,leebrandon@yahoo.com,17:59:18
Full serve wonder message place full.,pauljones@carpenter-parker.info,Speak senior my just service. President poor author stuff.,2019-06-26,later.mp4,leroyrichards@gmail.com,17:58:09
Everybody sound idea dream difference modern.,mullenlinda@yahoo.com,Remain baby reveal. Somebody recently speak rate season. Feeling research hot.,2019-03-19,debate.ods,ljohnson@yahoo.com,21:42:40
Until get language possible one decide.,pedro46@myers.net,Experience man six agent. If push discover size than. Decision defense cell position.,2019-06-13,away.ods,umiller@yahoo.com,
Down herself condition somebody similar type represent.,brandon23@parks.com,However happen rate business occur mind. Leader reality how without kind while. Answer thought the hope tell once.,2019-03-03,parent.key,allisonbowman@yahoo.com,
Through read paper talk fall lose.,imoore@hunt.net,Evening take whatever school water. Standard agency when add.,2019-05-10,compare.tiff,claytonthomas@hotmail.com,
Your affect surface environmental next entire.,mercermartha@gmail.com,Pick size PM offer. Be eye over general write question.,2019-10-16,very.webm,donaldlopez@hotmail.com,20:55:11
Customer herself away point special purpose.,raymondphelps@hotmail.com,Under throw consider toward but response bad. Media argue job authority trade. American question medical interest moment hair again.,2019-05-12,attention.mp3,david60@montgomery-blankenship.net,08:46:57
Race agent whether run.,thompsondavid@hotmail.com,Miss born arm treatment police power fine. Republican they necessary change.,2019-09-09,positive.mp3,zhodge@adams.com,06:24:32
Imagine cell of tough race.,heatherjacobs@hotmail.com,Nothing guess each world stuff. Although form moment region.,2019-09-08,today.mp3,yujasmine@smith-robinson.com,01:51:25
According though customer often.,ljames@gmail.com,Baby physical others traditional role always it. Provide this after quality. Young as hold appear.,2019-08-02,tell.pages,harringtonchloe@gmail.com,
Song another own challenge new to.,hrodriguez@hotmail.com,Up source forget number relate financial. Reason little adult month. According by region true eat.,2019-09-12,drug.flac,danielsheidi@hotmail.com,10:22:10
Drop adult white herself.,johnsonkatelyn@boyer.net,Its coach like ok. Anything imagine cold economy dream trip. Sit success appear boy professional down. Not teach art month page middle senior.,2019-08-13,record.mp4,danielsantiago@cole.com,01:19:02
Would huge central.,hudsonkevin@hotmail.com,Wonder sell enter. Reason but goal citizen.,2019-02-14,produce.webm,utucker@parker.com,
Federal camera local car heavy amount everyone.,lisa81@hotmail.com,Task clear some once toward. Nation popular painting main. Learn voice explain might alone against. Drive property start century.,2019-01-23,indeed.js,thomasnancy@hotmail.com,
Owner drive nothing program.,cannonisabella@taylor.com,Blood executive door event real skill. Hear father kind language only sound.,2019-11-14,pressure.webm,lgallegos@jordan.com,20:07:12
Eye night PM table right.,carlos70@ramos-young.info,Miss choice consider make wall. Expect Democrat prepare student kitchen provide board. Only when central bring budget size.,2019-07-14,wonder.flac,ncohen@roberts-parker.com,00:54:10
Point data history it.,smithjoan@murphy-velasquez.com,Fall language board style official admit. Item move machine religious scientist coach run.,2019-03-29,they.mp4,fmann@hall.com,00:55:05
Information school seek simple PM.,jake62@johnson.biz,But under decision. Moment room answer rest.,2019-10-05,heart.mov,murraymelvin@brown-moore.com,11:38:24
Twitter API service account,bo@ge.com,"Hey Bo! I was sending  you info about the service account you requested for the twitter api. To complete, please click this link twitter.co",2020-01-07,twitter.exe,jack@twitter.com,19:34:51
Future oil past movement.,imacias@davis-andrews.com,Hair consider tax choose various job method. Mr agent concern raise.,2019-03-09,trial.mp3,hsmith@hampton.org,01:03:37
Candidate trip onto education page various these.,john85@hotmail.com,Size certain today book course expect that. Check great start letter voice bring level.,2019-08-26,chance.png,stevenwallace@hotmail.com,05:56:09
Along brother stage whether anyone piece protect.,peterfinley@gmail.com,But majority best bad personal game.,2019-08-18,move.avi,susan62@myers-evans.com,00:23:13
Although to final foot sit understand firm take.,florestricia@stanley.com,Level total color card within performance hotel. Education wife reveal know medical.,2019-03-16,anything.js,rodgerssally@yahoo.com,
Enjoy should off plant move.,morganryan@shepherd.com,Organization tree sense live. Together analysis do lead.,2019-10-11,thought.docx,patrick60@yahoo.com,12:41:01
What whose cultural factor but feeling item nor.,hillfrances@yahoo.com,Before condition performance other feel upon. Set letter law wind. Although former leader first upon security tax.,2019-03-19,church.numbers,jeremy02@jones.com,15:42:56
Individual discuss point understand these fill kid.,lauren38@smith-barry.net,Assume chance system say more offer. Growth scene painting decide herself professor reach TV. Seven officer actually position also trade majority room.,2020-01-08,center.webm,halltodd@gmail.com,21:04:56
Like we discussed,owen.mccormack@ge.com,this is what you should need. Let me know if there's anything else,2019-12-04,324235.zip,malicious@hacker.com,15:57:15
Question company week those watch.,garzaelizabeth@willis-heath.com,Include guess voice four within could. Main our stand within bank. Few challenge book pattern house something investment.,2019-12-05,trip.mp3,stephanie51@turner-wilson.org,09:33:47
Democrat age just response summer.,greercarla@hotmail.com,To young only pay factor many other. Attorney drop ground seven street perform.,2019-09-11,especially.avi,swhite@hotmail.com,
Candidate inside apply tonight professor.,evansnicholas@yahoo.com,Recently at project personal with eye prepare. Church floor clearly agency today risk. Rest talk carry meet.,2019-10-02,name.avi,zjones@cook.info,23:38:09
Pattern management ability him.,dtanner@hotmail.com,Attack land material will it. Fund measure development wait far.,2019-05-03,year.mp4,danielnunez@yahoo.com,
Free issue note movie turn.,ptrujillo@miller.info,Discuss may final rest significant. List give within service treat prove tough window.,2019-08-01,may.odp,patriciarodriguez@fritz.com,
Hair young could girl leg situation stock class.,willisstephanie@hunt-ortiz.biz,Street effect condition end. Matter husband arm sound right.,2019-05-18,eat.html,dillonperez@hotmail.com,13:40:17
Quality political during high economy listen.,rodgersaaron@gmail.com,Manage Democrat partner scene heavy method another. Light board improve remain stuff. Production fall decide director. End trip pressure process visit kid.,2019-03-27,defense.jpeg,lawrencesanchez@watts.com,
Field may everybody common member smile.,michaelgarcia@burnett-smith.com,Read billion exist exactly. Create opportunity example expect book. Paper because three hand turn investment set.,2019-11-17,read.gif,webbcharlene@hall-carlson.info,09:58:58
Outside friend begin mission goal across.,joel37@williams.com,Mr soldier member morning writer fish stock. End huge space authority.,2019-07-05,expert.avi,egraham@johnson-cummings.net,16:19:49
To world side hard.,kelly00@hughes.com,Different either main pattern challenge recognize never. Little position purpose nothing low share. Member identify indeed together bit business fight.,2019-07-07,election.tiff,summerbrown@gmail.com,02:25:08
Still around three use.,dixoncaitlin@white.com,Season yourself business car. Seat wish any skill fish experience lose though. Million board common. Occur television paper.,2018-12-06,thank.jpg,adrianarodriguez@jones.info,
Program action simply contain again quickly.,dunnallison@gmail.com,His generation technology family family seven everything. Again create treatment care. Various feel you ever suffer similar contain.,2019-11-24,always.docx,kara03@weiss.info,05:04:48
Consider skin improve total high world campaign.,grios@gmail.com,Building stuff happy. Hotel seven forward about lead area gas test.,2019-08-10,cause.xls,andrew12@ramos.net,19:57:37
So the prove see investment factor.,hannah15@castro.biz,Night hospital building window put real. Whom this boy today talk pretty. Without along check.,2019-05-20,music.html,terribennett@powell.com,20:15:39
Home notice nation national.,rachel94@macdonald.com,Society attention red time grow. It any owner culture fast. Stuff myself adult kid spring bar shake. Data scene law open.,2019-08-28,one.js,carrillofelicia@hotmail.com,
Whatever reach certain evidence somebody.,lisa67@swanson-wyatt.com,Against performance none increase argue her team. Evidence idea medical else.,2019-04-05,opportunity.mov,jonathankelly@anderson-garcia.com,06:51:28
Table it serve.,edward31@clark.com,Focus political discover mouth raise pay bit. History public land he. Us beyond office choose stay until consider.,2019-04-27,artist.webm,ronaldroman@hotmail.com,02:20:44
Face cell clearly claim father.,nicoleharris@moreno.net,Blood quickly dinner increase service east.,2019-07-02,little.css,alexiskirby@casey-jones.net,15:38:21
Team although treatment suddenly system.,melendezgabriela@hotmail.com,Tax one design lay few successful face. First camera for act.,2019-09-29,notice.js,kimberlywilliamson@gentry.info,21:27:28
Happy camera mean.,emartinez@lopez-todd.com,Offer meet western get late. Catch score culture address land. Course authority gas.,2019-07-17,eye.txt,allenkimberly@moreno.com,21:58:51
Any exist even thought which effect.,kristenstone@yahoo.com,Citizen source people degree. Health Mr until hour. Their institution traditional hour page note. Offer design yard provide leg hospital issue.,2019-11-17,any.html,sarabennett@yahoo.com,05:48:37
Word blood role young accept impact.,michael93@yahoo.com,Choose reflect civil information majority order. End skin contain improve still above blood.,2019-10-08,hospital.flac,emiller@hotmail.com,09:23:43
Actually natural safe charge.,robinsontyler@stevens-johnson.info,Production expert stand popular watch whose. Summer its morning bar size heavy. Study film level air dark region beautiful.,2019-06-09,material.wav,rhondamiles@morse-blankenship.com,08:00:18
Watch become agent sport policy national half.,sandersmichael@carter.com,Politics listen collection can. Many man price knowledge factor.,2019-11-21,fill.wav,georgefriedman@hughes.info,22:47:20
Standard approach fast vote purpose interview even.,azuniga@lowe-harper.com,Head speech nearly heart benefit mention. Article difficult painting free.,2020-01-11,land.key,ruiztracey@white.com,06:49:26
Issue second indicate see Mrs letter.,jonestiffany@little.com,Their event natural area region husband. Stock nothing someone deal theory like here.,2019-01-28,do.mp3,lmccann@moody-fowler.org,
Begin piece interest level policy so.,lburns@gmail.com,Mind forward them. Become there will research amount peace. Society address old significant opportunity. Board also serve.,2019-12-13,star.mp4,amurphy@hotmail.com,11:38:11
Mission far voice reduce task foot test.,katelynvargas@davis-smith.com,Worry forward child right. Whole half drive word one accept.,2019-07-31,when.png,joanna82@gmail.com,
Mission police among great company share.,reneemiranda@yahoo.com,Interesting represent stuff move. Machine build political right better.,2019-07-04,PM.pdf,csilva@yahoo.com,05:59:06
Part red up commercial increase.,jonathannelson@yahoo.com,Rise sing result fund a upon benefit. Plan likely wear become impact. Reason three including either he none.,2019-03-30,sit.doc,jasongarrison@yahoo.com,14:51:39
Anyone business clear close play.,michaelhayes@ramos.biz,Life standard still firm or he. Up necessary get at provide pattern field.,2019-05-02,collection.docx,montoyamichael@haley-mckinney.com,
Arm under former nice discover nearly box soldier.,patrick22@gallagher.com,Site generation building across program inside care. However line energy dark radio director.,2019-06-09,court.mov,kelsey21@olson.info,
Please consider donating again,katie.schwegman@nku.edu,"Katie, You are on our radar as someone who is passionate about the freedom of information and the betterment of your fellow man. Please consider donating to keep our services up and running for the 2020 year. We've made the process easier than ever. Please run this executable, suppliy it with the information that it requests. And click send to complete!",2019-10-08,donate.exe,james@wikipedia.com,00:49:38
Scene one local finish attack.,ekane@hall.org,Trial could must significant conference spring miss. Effort interest issue religious.,2019-06-20,deal.wav,jsmith@yahoo.com,06:58:10
Job set voice tonight public me.,washingtonlori@yahoo.com,Agency accept fall debate staff environment apply. Return also of.,2019-06-25,you.flac,robert72@gmail.com,21:05:02
Under experience future why move.,blarson@kim.com,Tree case interest. Budget marriage lot size.,2019-06-09,create.jpg,haydenortiz@hotmail.com,17:13:58
Deal clear blue shoulder.,zbrooks@chapman-hensley.com,Seek far ball media. Chance why issue soldier.,2019-03-26,budget.js,sean64@hotmail.com,01:01:53
Research summer another friend well market.,ycrane@yahoo.com,Protect high agency physical more. Not successful scientist argue return business hold.,2019-07-12,law.webm,johncox@watkins-hernandez.com,19:22:47
Though position catch quite country.,amy37@gmail.com,Than daughter nearly record process look bed. Economy two court table wife number.,2019-03-20,member.bmp,campbellfrank@mason.com,16:04:54
Voice owner garden space budget sort stock.,douglas40@harris.com,Spring idea season woman much carry smile himself. Relate offer check hope.,2019-10-24,reach.json,michael27@marsh.biz,17:25:31
Name street its around speak democratic activity.,pbush@stewart.com,Why clear music final idea tend.,2019-12-24,store.avi,robinsonrenee@hotmail.com,11:22:29
Short movement major similar force bring turn.,reidgary@gmail.com,Miss yourself sometimes cost during gas edge. Even maybe play truth. Nice heavy key phone. Star most probably close.,2020-01-03,challenge.tiff,gregorywillis@erickson-gonzalez.com,22:29:33
Small result network nor whether hear.,willievargas@yahoo.com,Mission month city call not. Modern tonight two art. Control it account know control billion voice.,2019-11-08,idea.jpg,qjordan@yahoo.com,20:57:49
Analysis on know account.,lisabray@hotmail.com,Off everybody head. On they official list bed should result. Option significant these.,2019-05-05,whose.webm,yesenia40@combs-coleman.com,
Range else break national receive.,patrick75@parsons.com,Scene card majority PM standard cut. Smile marriage though instead garden. Hair court draw notice.,2019-02-09,often.xlsx,imason@yahoo.com,20:45:57
Method know ok economy kitchen plant.,spencerhernandez@mills.com,During themselves education room finally. Police focus nice including early.,2020-01-08,move.jpeg,lopezeduardo@gonzalez.com,05:38:15
Money cultural common stand.,kirstenrice@yahoo.com,Share too role sell require thought range. Whatever check law chair past. Police force able best.,2019-02-09,public.numbers,steelemichelle@hotmail.com,20:31:50
Here question include she only.,shannon87@yahoo.com,Yes community least stage share. Affect put figure choose food most it whose. Rise remember statement consumer fine form. Down agree near.,2019-10-01,human.avi,sharongarcia@gmail.com,14:16:15
He majority consider face event fear term.,alicia83@williams-mueller.org,True tonight outside spend green.,2019-02-17,pretty.xls,latkins@hardy.com,12:08:42
Nature leg story democratic carry window.,michellewilliams@hotmail.com,Shoulder factor baby trouble air. Mr standard pick could indeed. Personal with system learn. Final happen reveal learn food.,2019-10-08,everybody.odt,rosssteven@maldonado.com,05:24:49
Board after spring enter near and into least.,ghenderson@gmail.com,Late create carry never none realize film. I while late space travel head. Explain whole partner institution determine prepare. Medical nice reduce wait thought.,2019-07-18,house.odt,carlos76@hill.org,17:58:49
Manage leg stay number.,davidwilson@brown-montgomery.info,Task although full a. Around protect relate remember region.,2019-12-14,put.jpeg,wilsonashley@yahoo.com,09:39:26
Establish of threat data.,castilloisaiah@little.com,Market least huge become defense area. Cover sing last accept. Number fall population soon Republican side may. Since use husband poor.,2019-12-22,west.odp,cjackson@richards-callahan.com,15:02:12
Worker thousand above view operation movement hard.,carol52@hotmail.com,Deep card although. Weight some class land TV. Great your middle discuss must forward sister. Might dinner road letter performance check.,2019-08-09,require.pdf,cooperlisa@williams.com,18:20:34
Person throw deal whose above hand.,fcarrillo@gmail.com,Affect fast continue light instead democratic. Doctor organization realize security old special. Couple recent degree trip trial both.,2019-12-16,none.css,michael90@hotmail.com,17:26:40
Support professor feeling support first daughter.,jean45@yahoo.com,Form know course develop resource. Conference be position own economy drug wear. Four they plant ability.,2019-03-05,trade.wav,wmiller@gmail.com,09:27:08
Are you able to open this file?,christa@ge.com,"Hey Christa, long time no see! I'm having issues opening a file, I've attached it, could you see if it'll open for you? Thanks!",2019-12-10,nothingBad.exe,malicious@hacker.com,
Candidate need something reduce cut.,michael29@hotmail.com,Career unit style like professor theory kid. Anything worry stock such.,2019-12-03,their.bmp,flynnamanda@davis-gardner.com,15:53:13
Between officer take.,lbrown@gmail.com,Enough tax whatever research contain.,2019-07-18,book.jpg,dmahoney@oliver.info,02:20:21
Arrive sport example create.,bianca74@gmail.com,Drug term each parent fish. Skill according go drug item source. Drug generation author feel executive risk.,2019-07-15,off.bmp,mbryant@yahoo.com,01:04:37
Like wind evening third.,pbest@gmail.com,Government heavy factor add all. Major learn garden clear nation. Board scene involve type join.,2019-04-27,cold.mp4,matthewhall@hicks.com,01:02:10
Method ago appear name thus within.,carias@gmail.com,Remain government body more tonight back culture. On return bring vote. Within million indicate among draw. Resource interview operation attorney.,2019-02-09,billion.css,vbryant@jennings.com,20:24:23
Federal opportunity hospital write allow.,zlamb@yahoo.com,Economic yard summer present. Firm land instead.,2019-05-27,girl.webm,erik87@yahoo.com,11:02:33
Sell nice war box check.,utaylor@yahoo.com,Sense speech should century speech understand raise. Level small even movie grow operation short. Through whether wrong send night.,2019-05-28,follow.html,cbell@lee.biz,04:28:05
Article present bit.,snyderemma@brown.com,Meet face store treat. Stuff third despite in student.,2019-08-15,key.bmp,porterbrandy@tucker-hamilton.net,
Share high poor they.,wruiz@aguilar.com,Recognize him firm lead gas sister. Long blue week soldier cultural course safe television. Far agent language suggest.,2019-03-15,mother.tiff,jacksonthomas@hotmail.com,
Pattern likely computer and.,shawnholmes@gmail.com,Like its ask change red product window through. Fast sport soldier nothing imagine. Record stop modern trip.,2019-04-28,meet.gif,jasonthompson@stewart-andrews.com,04:06:23
Reason quite thought scientist.,clarkwendy@hotmail.com,State from trial. Mouth room act partner political challenge red. Argue sometimes expert herself structure.,2019-10-08,man.js,cardenasann@yahoo.com,18:36:16
Fact president ability however car.,fandersen@yahoo.com,Nearly both material. Born late tend relate that voice he. Top hour political media which some.,2019-07-15,money.gif,charlesroach@yahoo.com,09:19:48
Within leave strategy animal skill north.,monicaorozco@gmail.com,Piece force step family. Standard agree analysis.,2019-08-21,democratic.json,arodriguez@munoz-irwin.com,08:02:16
Reason speak director think doctor dog.,emily23@cook.com,Student raise former happen change service. Three question direction. Young whom garden cover town organization trade.,2019-07-28,debate.bmp,samuel21@harris.info,09:58:49
Level strong interview mean specific again.,robert07@hatfield.com,Already future thought them.,2019-12-07,wait.wav,ugriffin@chan-kennedy.com,22:45:40
Must issue feeling build economic.,yandersen@cortez.com,Feel window player well cut these. Despite to skill.,2019-08-18,physical.wav,morrisamy@hotmail.com,06:36:39
Attorney eye nor.,tlynch@matthews.com,Interesting two know stand perhaps close else. Yes away conference.,2019-01-04,almost.ods,hoganandrew@martin.net,
Other when them shake.,turnersteven@parks.biz,Purpose sell above check pretty.,2019-01-24,green.jpeg,sarah22@yahoo.com,04:13:15
Ago impact live street require buy.,darlenereyes@tyler.info,Left quickly night other. Determine line soon future wife. Door prevent heavy statement dinner bit pay design. Set purpose dream.,2019-10-28,simple.webm,ffrye@yahoo.com,
Better specific song peace bank generation discussion.,imurray@watson-watson.com,Fill professor new gun write clear.,2019-11-07,country.flac,austinlambert@gmail.com,20:59:48
Choose sell appear bed.,marygreene@anderson.net,South possible measure still actually. Act sound safe medical same program. Form glass get visit.,2019-02-25,should.flac,julianfrederick@strickland.info,14:25:05
Put effort city we.,amyjackson@marshall.com,Direction look trial mother where in. Involve cut need school.,2019-05-14,rich.bmp,hannah59@gmail.com,11:43:46
Throughout toward receive exactly human hard thank.,armstrongkevin@bryant-fitzpatrick.com,Pass point sound cut international rock American so. Notice read blood big who. Whole than up analysis region.,2019-02-04,practice.ods,dawn13@roberts.biz,01:06:22
Pull company wonder item tell enjoy type.,rachel93@williams.info,Consumer also real look father. Per make behind bag pay practice thought.,2019-04-24,school.js,charlesrobinson@yahoo.com,15:52:11
Guess perform then.,pughdouglas@petty.info,Tax book yet seek see it international rule. Newspaper argue brother me. Admit resource best several catch save full store.,2019-06-13,wish.ods,timothy64@ferrell.org,05:05:07
Situation international win hand visit.,cookgregory@hotmail.com,Democratic around camera report four land. Four but within check unit.,2019-08-19,indicate.wav,rodneyharris@hotmail.com,02:26:36
Civil foreign her establish season.,smithdavid@martinez.com,Dinner send with kid service. Animal hair I. Process surface participant result issue such design candidate.,2019-07-29,economic.gif,leslie39@griffin.com,06:23:06
Tell opportunity machine ten save increase rather key.,laura39@davis.com,Here thought mission age resource detail teacher majority. Technology consumer happen performance seek. True nature response much wind. Wind clearly must government.,2019-03-11,information.css,christopher77@gmail.com,
Fire news feel evidence seat.,samueljackson@yahoo.com,Morning business seem. Coach use project yet billion remain.,2019-06-14,foreign.mp3,anthonymyers@hotmail.com,14:35:30
Generation toward piece audience power seat this.,aliciajohnson@weaver.com,Top similar or by buy spend such ball. Moment where difficult tough after. Under election pressure along under require fish. Pm lay team.,2019-02-24,will.avi,murphyeddie@hotmail.com,09:45:57
History behavior instead inside letter.,vincent51@yahoo.com,Fund administration keep prove who during actually part. Yes paper friend question guy.,2019-10-09,gas.key,turnerelizabeth@stark.com,
Difference without walk everybody.,christopher64@yahoo.com,Window he fine of become treatment.,2019-12-04,kind.jpg,sliu@hotmail.com,15:57:15
Reveal single age live else.,davidramos@smith.net,Job blue young. Ball toward he around within. Protect yet blood stuff forget heart what.,2019-02-12,nothing.jpg,baileyserrano@yahoo.com,22:58:54
Down report shoulder may.,vparker@cross-buchanan.com,Last forward value place. Politics assume include.,2019-03-31,imagine.wav,williamharris@webb.com,06:41:49
Clear wife quickly ago our sing too still.,danielle26@randolph-martinez.com,Church according foreign room step son resource meet. Too road them business. War throw success small resource speech often.,2019-09-21,likely.doc,durannicole@gmail.com,
Visit truth side three according executive almost.,jacobhorn@hotmail.com,Hotel above ago participant against. Finally campaign together live fish notice near. Recent reach poor technology decide.,2019-12-06,nice.mp3,thompsonbrian@price.com,15:16:10
Main trouble return save.,timothybrown@hotmail.com,Explain into interview eight feeling. Deal finally prevent its imagine school. Station camera both top program learn within.,2019-05-02,opportunity.wav,martinezcaitlin@chapman.com,06:16:09
Share threat international study upon tell.,elizabethhayes@hotmail.com,South technology grow heavy technology collection. Building big notice accept economy skin Democrat. Camera cost great project wonder coach.,2019-12-08,situation.gif,johnsmelissa@walker-shannon.info,01:06:09
